Workbook

Sheet الأنشطة
A1: برنامج التحول المؤسسي — متابعة الأنشطة
A2: # | B2: المجال الاستراتيجي | C2: النشاط | D2: المرحلة | E2: أسبوع البداية | F2: أسبوع النهاية | G2: نسبة الإنجاز | H2: الحالة
A3: 1 | B3: التخطيط الاستراتيجي وقياس الأداء | C3: إعداد ميثاق المشروع | D3: م١ تهيئة | E3: 1 | F3: 1 | G3: 1 | H3: مكتمل
A4: 2 | B4: التخطيط الاستراتيجي وقياس الأداء | C4: جمع الوثائق الاستراتيجية | D4: م١ تهيئة | E4: 1 | F4: 2 | G4: 0.8 | H4: قيد التنفيذ
A5: 3 | B5: التخطيط الاستراتيجي وقياس الأداء | C5: تقييم جودة الأهداف | D5: م٢ تحليل | E5: 3 | F5: 4 | G5: 0.2 | H5: قيد التنفيذ
A6: 4 | B6: التخطيط الاستراتيجي وقياس الأداء | C6: تحليل مؤشرات الأداء KPIs | D6: م٢ تحليل | E6: 4 | F6: 5 | G6: 0 | H6: لم يبدأ
A7: 5 | B7: التخطيط الاستراتيجي وقياس الأداء | C7: تقرير تقييم الإطار الاستراتيجي | D7: م٣ تقييم | E7: 6 | F7: 7 | G7: 0 | H7: لم يبدأ
A8: 6 | B8: التنظيم الإداري | C8: رسم هيكل الأدوار والصلاحيات | D8: م١ تهيئة | E8: 1 | F8: 2 | G8: 1 | H8: مكتمل
A9: 7 | B9: التنظيم الإداري | C9: تحليل تداخل المهام | D9: م٢ تحليل | E9: 3 | F9: 4 | G9: 0.6 | H9: قيد التنفيذ
A10: 8 | B10: التنظيم الإداري | C10: تقرير الهيكل التنظيمي | D10: م٣ تقييم | E10: 6 | F10: 7 | G10: 0 | H10: لم يبدأ
A11: 9 | B11: التحول الرقمي | C11: تقييم مستوى النضج الرقمي | D11: م١ تهيئة | E11: 1 | F11: 2 | G11: 0.85 | H11: قيد التنفيذ
A12: 10 | B12: التحول الرقمي | C12: تحليل الأنظمة والبنية التقنية | D12: م٢ تحليل | E12: 3 | F12: 5 | G12: 0.3 | H12: قيد التنفيذ
A13: 11 | B13: التحول الرقمي | C13: تقرير الاستراتيجية الرقمية | D13: م٥ خارطة | E13: 11 | F13: 12 | G13: 0 | H13: لم يبدأ
A14: 12 | B14: الحوكمة المؤسسية | C14: مراجعة هيكل الحوكمة | D14: م١ تهيئة | E14: 1 | F14: 2 | G14: 0.9 | H14: قيد التنفيذ
... A27: 25 | B27: الأمن السيبراني | C27: الخارطة الأمنية | D27: م٥ خارطة | E27: 10 | F27: 12 | G27: 0 | H27: لم يبدأ

Sheet ملخص المجالات
A1: ملخص إنجاز المجالات — يُغذِّي الداشبورد تلقائياً
A2: المجال الاستراتيجي | B2: إجمالي الأنشطة | C2: مكتملة | D2: قيد التنفيذ | E2: متأخرة | F2: لم تبدأ | G2: نسبة الإنجاز
A3: التخطيط الاستراتيجي وقياس الأداء | B3: =COUNTIF(الأنشطة!B:B,"التخطيط الاستراتيجي وقياس الأداء") -> 5 | C3: =COUNTIFS(الأنشطة!B:B,"التخطيط الاستراتيجي وقياس الأداء",الأنشطة!H:H,"مكتمل") -> 1 | D3: =COUNTIFS(الأنشطة!B:B,"التخطيط الاستراتيجي وقياس الأداء",الأنشطة!H:H,"قيد التنفيذ") -> 2 | E3: =COUNTIFS(الأنشطة!B:B,"التخطيط الاستراتيجي وقياس الأداء",الأنشطة!H:H,"متأخر") -> 0 | F3: =COUNTIFS(الأنشطة!B:B,"التخطيط الاستراتيجي وقياس الأداء",الأنشطة!H:H,"لم يبدأ") -> 2 | G3: =IFERROR(C3/B3,0) -> 0.2
A4: التنظيم الإداري | B4: =COUNTIF(الأنشطة!B:B,"التنظيم الإداري") -> 3 | C4: =COUNTIFS(الأنشطة!B:B,"التنظيم الإداري",الأنشطة!H:H,"مكتمل") -> 1 | D4: =COUNTIFS(الأنشطة!B:B,"التنظيم الإداري",الأنشطة!H:H,"قيد التنفيذ") -> 1 | E4: =COUNTIFS(الأنشطة!B:B,"التنظيم الإداري",الأنشطة!H:H,"متأخر") -> 0 | F4: =COUNTIFS(الأنشطة!B:B,"التنظيم الإداري",الأنشطة!H:H,"لم يبدأ") -> 1 | G4: =IFERROR(C4/B4,0) -> 0.33333333
A5: التحول الرقمي | B5: =COUNTIF(الأنشطة!B:B,"التحول الرقمي") -> 3 | C5: =COUNTIFS(الأنشطة!B:B,"التحول الرقمي",الأنشطة!H:H,"مكتمل") -> 0 | D5: =COUNTIFS(الأنشطة!B:B,"التحول الرقمي",الأنشطة!H:H,"قيد التنفيذ") -> 2 | E5: =COUNTIFS(الأنشطة!B:B,"التحول الرقمي",الأنشطة!H:H,"متأخر") -> 0 | F5: =COUNTIFS(الأنشطة!B:B,"التحول الرقمي",الأنشطة!H:H,"لم يبدأ") -> 1 | G5: =IFERROR(C5/B5,0) -> 0
A6: الحوكمة المؤسسية | B6: =COUNTIF(الأنشطة!B:B,"الحوكمة المؤسسية") -> 2 | C6: =COUNTIFS(الأنشطة!B:B,"الحوكمة المؤسسية",الأنشطة!H:H,"مكتمل") -> 0 | D6: =COUNTIFS(الأنشطة!B:B,"الحوكمة المؤسسية",الأنشطة!H:H,"قيد التنفيذ") -> 1 | E6: =COUNTIFS(الأنشطة!B:B,"الحوكمة المؤسسية",الأنشطة!H:H,"متأخر") -> 0 | F6: =COUNTIFS(الأنشطة!B:B,"الحوكمة المؤسسية",الأنشطة!H:H,"لم يبدأ") -> 1 | G6: =IFERROR(C6/B6,0) -> 0
A7: البنية المؤسسية | B7: =COUNTIF(الأنشطة!B:B,"البنية المؤسسية") -> 2 | C7: =COUNTIFS(الأنشطة!B:B,"البنية المؤسسية",الأنشطة!H:H,"مكتمل") -> 0 | D7: =COUNTIFS(الأنشطة!B:B,"البنية المؤسسية",الأنشطة!H:H,"قيد التنفيذ") -> 0 | E7: =COUNTIFS(الأنشطة!B:B,"البنية المؤسسية",الأنشطة!H:H,"متأخر") -> 1 | F7: =COUNTIFS(الأنشطة!B:B,"البنية المؤسسية",الأنشطة!H:H,"لم يبدأ") -> 1 | G7: =IFERROR(C7/B7,0) -> 0
A8: العمليات الفنية للنيابة | B8: =COUNTIF(الأنشطة!B:B,"العمليات الفنية للنيابة") -> 2 | C8: =COUNTIFS(الأنشطة!B:B,"العمليات الفنية للنيابة",الأنشطة!H:H,"مكتمل") -> 0 | D8: =COUNTIFS(الأنشطة!B:B,"العمليات الفنية للنيابة",الأنشطة!H:H,"قيد التنفيذ") -> 1 | E8: =COUNTIFS(الأنشطة!B:B,"العمليات الفنية للنيابة",الأنشطة!H:H,"متأخر") -> 0 | F8: =COUNTIFS(الأنشطة!B:B,"العمليات الفنية للنيابة",الأنشطة!H:H,"لم يبدأ") -> 1 | G8: =IFERROR(C8/B8,0) -> 0
A9: تجربة المستفيد | B9: =COUNTIF(الأنشطة!B:B,"تجربة المستفيد") -> 2 | C9: =COUNTIFS(الأنشطة!B:B,"تجربة المستفيد",الأنشطة!H:H,"مكتمل") -> 0 | D9: =COUNTIFS(الأنشطة!B:B,"تجربة المستفيد",الأنشطة!H:H,"قيد التنفيذ") -> 1 | E9: =COUNTIFS(الأنشطة!B:B,"تجربة المستفيد",الأنشطة!H:H,"متأخر") -> 0 | F9: =COUNTIFS(الأنشطة!B:B,"تجربة المستفيد",الأنشطة!H:H,"لم يبدأ") -> 1 | G9: =IFERROR(C9/B9,0) -> 0
A10: التخطيط المالي وكفاءة الإنفاق | B10: =COUNTIF(الأنشطة!B:B,"التخطيط المالي وكفاءة الإنفاق") -> 1 | C10: =COUNTIFS(الأنشطة!B:B,"التخطيط المالي وكفاءة الإنفاق",الأنشطة!H:H,"مكتمل") -> 0 | D10: =COUNTIFS(الأنشطة!B:B,"التخطيط المالي وكفاءة الإنفاق",الأنشطة!H:H,"قيد التنفيذ") -> 1 | E10: =COUNTIFS(الأنشطة!B:B,"التخطيط المالي وكفاءة الإنفاق",الأنشطة!H:H,"متأخر") -> 0 | F10: =COUNTIFS(الأنشطة!B:B,"التخطيط المالي وكفاءة الإنفاق",الأنشطة!H:H,"لم يبدأ") -> 0 | G10: =IFERROR(C10/B10,0) -> 0
A11: الموارد البشرية والكفاءات | B11: =COUNTIF(الأنشطة!B:B,"الموارد البشرية والكفاءات") -> 2 | C11: =COUNTIFS(الأنشطة!B:B,"الموارد البشرية والكفاءات",الأنشطة!H:H,"مكتمل") -> 0 | D11: =COUNTIFS(الأنشطة!B:B,"الموارد البشرية والكفاءات",الأنشطة!H:H,"قيد التنفيذ") -> 1 | E11: =COUNTIFS(الأنشطة!B:B,"الموارد البشرية والكفاءات",الأنشطة!H:H,"متأخر") -> 0 | F11: =COUNTIFS(الأنشطة!B:B,"الموارد البشرية والكفاءات",الأنشطة!H:H,"لم يبدأ") -> 1 | G11: =IFERROR(C11/B11,0) -> 0
A12: الأمن السيبراني | B12: =COUNTIF(الأنشطة!B:B,"الأمن السيبراني") -> 3 | C12: =COUNTIFS(الأنشطة!B:B,"الأمن السيبراني",الأنشطة!H:H,"مكتمل") -> 0 | D12: =COUNTIFS(الأنشطة!B:B,"الأمن السيبراني",الأنشطة!H:H,"قيد التنفيذ") -> 1 | E12: =COUNTIFS(الأنشطة!B:B,"الأمن السيبراني",الأنشطة!H:H,"متأخر") -> 0 | F12: =COUNTIFS(الأنشطة!B:B,"الأمن السيبراني",الأنشطة!H:H,"لم يبدأ") -> 2 | G12: =IFERROR(C12/B12,0) -> 0
A13: الإجمالي | B13: =SUM(B3:B12) -> 25 | C13: =SUM(C3:C12) -> 2 | D13: =SUM(D3:D12) -> 11 | E13: =SUM(E3:E12) -> 1 | F13: =SUM(F3:F12) -> 11 | G13: =IFERROR(C13/B13,0) -> 0.08

Sheet المخرجات
A1: متابعة المخرجات — برنامج التحول المؤسسي
A2: # | B2: المجال | C2: المخرج | D2: النوع | E2: الأسبوع المخطط | F2: الحالة
A3: 1 | B3: التخطيط الاستراتيجي | C3: تقرير تقييم الإطار الاستراتيجي | D3: مرحلي | E3: الأسبوع 2 | F3: مُسلَّم
A4: 2 | B4: التخطيط الاستراتيجي | C4: تقرير تقييم الأهداف والمؤشرات | D4: مرحلي | E4: الأسبوع 5 | F4: قيد الإعداد
A5: 3 | B5: التحول الرقمي | C5: تقرير مستوى النضج الرقمي | D5: مرحلي | E5: الأسبوع 2 | F5: مُسلَّم
A6: 4 | B6: الحوكمة المؤسسية | C6: تقرير إطار الحوكمة | D6: مرحلي | E6: الأسبوع 5 | F6: قيد الإعداد
A7: 5 | B7: الأمن السيبراني | C7: تقرير تقييم NCA | D7: مرحلي | E7: الأسبوع 5 | F7: قيد الإعداد
A8: 6 | B8: البنية المؤسسية | C8: خرائط الوحدات التنظيمية | D8: مرحلي | E8: الأسبوع 4 | F8: متأخر
A9: 7 | B9: تجربة المستفيد | C9: تقرير رحلة المستفيد | D9: مرحلي | E9: الأسبوع 4 | F9: قيد الإعداد
A10: 8 | B10: الموارد البشرية | C10: تحليل القوى العاملة | D10: مرحلي | E10: الأسبوع 4 | F10: قيد الإعداد
A11: 9 | B11: التنظيم الإداري | C11: تقرير الهيكل التنظيمي | D11: نهائي | E11: الأسبوع 12 | F11: لم يبدأ
A12: 10 | B12: التحول الرقمي | C12: خارطة الطريق الرقمية | D12: نهائي | E12: الأسبوع 12 | F12: لم يبدأ
A13: 11 | B13: التخطيط الاستراتيجي | C13: خارطة الطريق الاستراتيجية | D13: نهائي | E13: الأسبوع 12 | F13: لم يبدأ
A14: 12 | B14: الأمن السيبراني | C14: الخارطة الأمنية الشاملة | D14: نهائي | E14: الأسبوع 12 | F14: لم يبدأ

Sheet مؤشرات KPI
A1: مؤشرات الأداء — تُقرأ تلقائياً من الداشبورد
A2: المؤشر | B2: القيمة | C2: ملاحظة
A3: إجمالي الأنشطة | B3: =COUNTA(الأنشطة!C3:C1000) -> 25 | C3: عدد الأنشطة الكلي
A4: الأنشطة المكتملة | B4: =COUNTIF(الأنشطة!H3:H1000,"مكتمل") -> 2
A5: الأنشطة قيد التنفيذ | B5: =COUNTIF(الأنشطة!H3:H1000,"قيد التنفيذ") -> 11
A6: الأنشطة المتأخرة | B6: =COUNTIF(الأنشطة!H3:H1000,"متأخر") -> 1 | C6: تحتاج تصعيداً فورياً
A7: الأنشطة لم تبدأ | B7: =COUNTIF(الأنشطة!H3:H1000,"لم يبدأ") -> 11
A8: نسبة الإنجاز الكلية | B8: =IFERROR(COUNTIF(الأنشطة!H3:H1000,"مكتمل")/COUNTA(الأنشطة!C3:C1000),0) -> 0.08 | C8: إنجاز الفريق الاستشاري
A9: إجمالي المخرجات | B9: =COUNTA(المخرجات!C3:C1000) -> 12
A10: المخرجات المسلَّمة | B10: =COUNTIF(المخرجات!F3:F1000,"مُسلَّم") -> 2
A11: المخرجات قيد الإعداد | B11: =COUNTIF(المخرجات!F3:F1000,"قيد الإعداد") -> 5
A12: المخرجات المتأخرة | B12: =COUNTIF(المخرجات!F3:F1000,"متأخر") -> 1
A13: نسبة المخرجات المنجزة | B13: =IFERROR(COUNTIF(المخرجات!F3:F1000,"مُسلَّم")/COUNTA(المخرجات!C3:C1000),0) -> 0.16666667
A14: الأسبوع الحالي | B14: 1 | C14: ← عدِّل هذا الرقم أسبوعياً (١ إلى ١٢)
A15: إجمالي الأسابيع | B15: 12 | C15: لا تعدّل
A16: نسبة الوقت المنقضي | B16: =IFERROR(B14/B15,0) -> 0.083333333

Sheet دليل الاستخدام
A1: برنامج التحول المؤسسي — دليل استخدام ملف المتابعة
A3: الغرض من الملف
A4: هذا الملف هو مصدر البيانات للداشبورد. أي تعديل هنا يظهر فوراً عند رفع الملف.
A6: الأوراق الأربع:
A7: ١. الأنشطة — أدخل وحدِّث نسبة إنجاز كل نشاط وحالته
A8: ٢. ملخص المجالات — محسوبة تلقائياً، لا تعدّل
A9: ٣. المخرجات — تتبع حالة كل مخرج مرحلي ونهائي
A10: ٤. مؤشرات KPI — محسوبة تلقائياً، عدِّل فقط الأسبوع الحالي (B14)
A12: كيفية تحديث البيانات أسبوعياً:
A13: ١. افتح ورقة الأنشطة
A14: ٢. في عمود G (نسبة الإنجاز): أدخل النسبة (مثال: 0.75 = 75٪)
A15: ٣. في عمود H (الحالة): اختر من القائمة المنسدلة
... A20: لا تعدّل الخلايا التي تحتوي على صيغ (تبدأ بـ =) في أوراق الملخص والمؤشرات
